gender,NationalITy,PlaceofBirth,StageID,GradeID,SectionID,Topic,Semester,Relation,raisedhands,VisITedResources,AnnouncementsView,Discussion,ParentAnsweringSurvey,ParentschoolSatisfaction,,Class,sender,subject,body_length,has_attachment,is_reply,is_forward,is_spam
M,KW,KuwaIT,lowerlevel,G-04,A,IT,F,Father,15,16,2,20,Yes,Good,,M,colleague,discount,5356,0,1,0,0
M,KW,KuwaIT,lowerlevel,G-04,A,IT,F,Father,20,20,3,25,Yes,Good,,M,friend,discount,4077,0,1,1,0
M,KW,KuwaIT,lowerlevel,G-04,A,IT,F,Father,10,7,0,30,No,Bad,,L,friend,offer,4898,0,0,0,1
M,KW,KuwaIT,lowerlevel,G-04,A,IT,F,Father,30,25,5,35,No,Bad,,L,colleague,meeting,1417,0,0,1,1
M,KW,KuwaIT,lowerlevel,G-04,A,IT,F,Father,40,50,12,50,No,Bad,,M,colleague,prize,8846,0,0,0,1
F,KW,KuwaIT,lowerlevel,G-04,A,IT,F,Father,42,30,13,70,Yes,Bad,,M,friend,discount,110,0,0,0,1
M,KW,KuwaIT,MiddleSchool,G-07,A,Math,F,Father,35,12,0,17,No,Bad,,L,spam,meeting,8281,0,1,0,1
M,KW,KuwaIT,MiddleSchool,G-07,A,Math,F,Father,50,10,15,22,Yes,Good,,M,friend,meeting,8954,1,0,0,1
F,KW,KuwaIT,MiddleSchool,G-07,A,Math,F,Father,12,21,16,50,Yes,Good,,M,spam,meeting,7391,1,0,0,1
F,KW,KuwaIT,MiddleSchool,G-07,B,IT,F,Father,70,80,25,70,Yes,Good,,M,spam,offer,5132,1,1,0,0
M,KW,KuwaIT,MiddleSchool,G-07,A,Math,F,Father,50,88,30,80,Yes,Good,,H,colleague,prize,2504,0,0,1,0
M,KW,KuwaIT,MiddleSchool,G-07,B,Math,F,Father,19,6,19,12,Yes,Good,,M,colleague,offer,9656,1,0,0,0
M,KW,KuwaIT,lowerlevel,G-04,A,IT,F,Father,5,1,0,11,No,Bad,,L,friend,discount,8289,0,1,0,1
M,lebanon,lebanon,MiddleSchool,G-08,A,Math,F,Father,20,14,12,19,No,Bad,,L,spam,offer,5239,1,1,1,1
F,KW,KuwaIT,MiddleSchool,G-08,A,Math,F,Mum,62,70,44,60,No,Bad,,H,spam,meeting,292,1,1,0,0
F,KW,KuwaIT,MiddleSchool,G-06,A,IT,F,Father,30,40,22,66,Yes,Good,,M,friend,offer,1734,1,1,1,0
M,KW,KuwaIT,MiddleSchool,G-07,B,IT,F,Father,36,30,20,80,No,Bad,,M,friend,meeting,5120,1,1,1,1
M,KW,KuwaIT,MiddleSchool,G-07,A,Math,F,Father,55,13,35,90,No,Bad,,M,friend,prize,6393,0,1,0,1
F,KW,KuwaIT,MiddleSchool,G-07,A,IT,F,Mum,69,15,36,96,Yes,Good,,M,colleague,offer,2196,0,1,0,1
M,KW,KuwaIT,MiddleSchool,G-07,B,IT,F,Mum,70,50,40,99,Yes,Good,,H,friend,offer,3466,1,0,1,1
F,KW,KuwaIT,MiddleSchool,G-07,A,IT,F,Father,60,60,33,90,No,Bad,,M,friend,offer,1906,0,0,0,1
F,KW,KuwaIT,MiddleSchool,G-07,B,IT,F,Father,10,12,4,80,No,Bad,,M,spam,meeting,1721,0,1,1,1
M,KW,KuwaIT,MiddleSchool,G-07,A,IT,F,Father,15,21,2,90,No,Bad,,M,friend,meeting,1816,1,0,0,1
M,KW,KuwaIT,MiddleSchool,G-07,A,IT,F,Father,2,0,2,50,No,Bad,,L,spam,offer,8444,0,1,1,1
M,KW,KuwaIT,MiddleSchool,G-07,B,IT,F,Father,0,2,3,70,Yes,Good,,L,spam,offer,4227,0,0,0,0
M,KW,KuwaIT,MiddleSchool,G-07,A,IT,F,Father,8,7,30,40,Yes,Good,,L,colleague,prize,5775,0,1,0,1
M,KW,KuwaIT,MiddleSchool,G-07,B,IT,F,Father,19,19,25,40,Yes,Bad,,M,friend,prize,3849,0,0,1,1
M,KW,KuwaIT,MiddleSchool,G-08,A,Arabic,F,Father,25,15,12,33,No,Bad,,L,friend,discount,5228,1,1,1,1
M,KW,KuwaIT,MiddleSchool,G-08,A,Science,F,Father,75,85,52,43,Yes,Good,,M,spam,prize,6849,1,0,1,0
F,KW,KuwaIT,MiddleSchool,G-08,A,Arabic,F,Father,30,90,33,35,No,Bad,,M,colleague,prize,1058,0,1,1,0
F,KW,KuwaIT,MiddleSchool,G-08,A,Arabic,F,Father,35,80,50,70,Yes,Good,,H,colleague,prize,2322,1,0,0,1
M,KW,KuwaIT,MiddleSchool,G-07,A,IT,F,Father,4,5,40,16,Yes,Good,,L,friend,meeting,8378,1,0,1,0
F,KW,KuwaIT,lowerlevel,G-07,A,IT,F,Father,2,19,10,50,Yes,Good,,L,spam,prize,948,1,1,1,0
M,KW,KuwaIT,lowerlevel,G-05,A,English,F,Father,8,22,9,40,No,Bad,,L,friend,prize,8179,0,0,0,0
M,KW,KuwaIT,MiddleSchool,G-07,B,Science,F,Father,12,11,8,40,No,Bad,,L,friend,offer,4359,0,0,0,1
M,KW,KuwaIT,MiddleSchool,G-07,A,English,F,Father,10,12,17,30,No,Bad,,L,friend,meeting,5660,1,0,1,1
M,KW,KuwaIT,MiddleSchool,G-07,B,Science,F,Mum,8,6,4,22,Yes,Good,,L,friend,discount,7254,1,0,0,1
F,Egypt,Egypt,MiddleSchool,G-07,A,IT,F,Father,45,54,26,90,Yes,Good,,M,spam,discount,8401,0,0,1,1
M,KW,KuwaIT,MiddleSchool,G-06,A,IT,F,Father,0,0,0,4,No,Bad,,L,colleague,prize,2093,1,1,0,1
F,SaudiArabia,SaudiArabia,MiddleSchool,G-07,B,Science,F,Father,50,90,37,70,Yes,Good,,M,friend,discount,1563,0,1,1,1
F,KW,KuwaIT,MiddleSchool,G-07,A,IT,F,Father,14,13,3,70,No,Bad,,L,friend,discount,8217,1,0,0,1
M,KW,KuwaIT,MiddleSchool,G-07,A,IT,F,Father,19,20,16,50,No,Good,,M,friend,discount,174,0,1,1,0
M,KW,KuwaIT,HighSchool,G-09,A,IT,F,Father,10,12,7,33,Yes,Good,,L,friend,prize,1334,0,0,1,1
F,KW,KuwaIT,HighSchool,G-09,A,IT,F,Father,30,35,28,90,Yes,Good,,M,colleague,discount,321,0,1,0,1
F,KW,KuwaIT,HighSchool,G-09,A,IT,F,Father,33,33,30,90,No,Bad,,M,colleague,prize,5698,0,0,0,1
M,KW,KuwaIT,MiddleSchool,G-07,A,Quran,F,Father,20,12,15,70,No,Good,,L,colleague,offer,5604,1,0,1,1
M,KW,KuwaIT,lowerlevel,G-05,A,English,F,Father,7,10,1,30,No,Bad,,L,colleague,offer,6742,0,0,1,1
F,KW,KuwaIT,HighSchool,G-12,A,English,F,Mum,70,4,39,90,Yes,Good,,H,friend,discount,7436,1,0,0,1
F,KW,KuwaIT,HighSchool,G-12,A,English,F,Mum,13,80,40,88,Yes,Good,,H,spam,offer,8524,0,1,0,1
F,KW,KuwaIT,HighSchool,G-12,A,English,F,Father,29,39,50,77,Yes,Good,,M,colleague,prize,5674,0,1,0,1
F,KW,KuwaIT,HighSchool,G-12,A,English,F,Father,20,14,12,70,No,Bad,,L,colleague,offer,5002,1,1,0,0
M,KW,KuwaIT,HighSchool,G-12,A,English,F,Father,39,15,16,50,No,Good,,L,friend,discount,910,1,0,0,0
F,KW,KuwaIT,HighSchool,G-12,A,English,F,Father,55,90,16,40,No,Bad,,M,friend,prize,949,1,1,0,1
F,KW,KuwaIT,HighSchool,G-11,A,Science,F,Mum,49,70,19,75,Yes,Good,,H,friend,meeting,5425,0,1,0,1
M,KW,KuwaIT,HighSchool,G-12,A,English,F,Mum,12,50,8,30,No,Bad,,L,friend,prize,2514,0,0,0,0
M,KW,KuwaIT,MiddleSchool,G-07,A,Math,F,Father,16,14,6,20,Yes,Good,,L,spam,offer,7701,1,0,0,1
M,USA,USA,MiddleSchool,G-08,B,Math,F,Father,19,5,4,1,Yes,Good,,L,spam,meeting,100,0,0,1,1
M,KW,KuwaIT,MiddleSchool,G-07,A,Math,F,Father,5,2,6,5,Yes,Good,,L,colleague,prize,4646,1,1,0,0
M,KW,KuwaIT,MiddleSchool,G-07,A,Math,F,Father,28,60,19,50,Yes,Good,,M,spam,meeting,6945,0,1,0,1
F,USA,USA,MiddleSchool,G-07,A,Math,F,Father,27,22,22,40,No,Good,,M,colleague,meeting,2400,0,0,1,1
F,Jordan,Jordan,lowerlevel,G-05,A,English,F,Mum,21,10,28,20,No,Good,,L,colleague,meeting,5801,0,1,1,1
M,KW,KuwaIT,HighSchool,G-10,A,IT,F,Father,50,70,32,40,Yes,Good,,M,spam,prize,2343,1,0,1,0
M,venzuela,venzuela,HighSchool,G-10,A,IT,F,Mum,80,90,70,80,Yes,Good,,H,colleague,offer,352,0,1,1,0
M,KW,KuwaIT,HighSchool,G-10,A,IT,F,Father,17,13,16,12,Yes,Bad,,M,friend,prize,2955,1,0,1,1
M,KW,KuwaIT,HighSchool,G-10,A,IT,F,Father,0,5,7,2,No,Bad,,L,colleague,offer,1018,1,1,1,0
M,KW,KuwaIT,HighSchool,G-12,A,English,F,Father,13,5,18,19,No,Bad,,L,friend,prize,1179,0,1,0,0
F,KW,KuwaIT,HighSchool,G-12,A,English,F,Father,25,10,19,30,No,Bad,,M,spam,prize,5193,1,1,1,0
F,USA,USA,HighSchool,G-12,A,English,F,Mum,65,75,23,80,Yes,Good,,H,spam,prize,3536,1,0,1,1
F,USA,USA,HighSchool,G-12,A,IT,F,Mum,70,69,35,30,Yes,Good,,H,colleague,offer,2502,0,0,1,0
M,Jordan,Jordan,MiddleSchool,G-07,A,IT,F,Father,39,40,11,33,No,Bad,,M,friend,prize,3819,1,0,0,0
M,Jordan,Jordan,MiddleSchool,G-07,A,IT,F,Father,22,30,10,12,Yes,Good,,L,colleague,meeting,6855,1,1,1,0
M,KW,KuwaIT,MiddleSchool,G-07,A,IT,F,Father,29,22,9,20,Yes,Good,,M,spam,prize,979,0,0,0,1
M,KW,KuwaIT,MiddleSchool,G-07,A,Math,F,Father,11,2,2,8,No,Bad,,L,colleague,meeting,976,0,1,1,0
F,KW,KuwaIT,MiddleSchool,G-07,A,English,F,Father,19,30,26,19,Yes,Bad,,M,colleague,discount,9563,0,0,1,0
M,KW,KuwaIT,MiddleSchool,G-07,B,IT,F,Father,12,0,6,13,No,Bad,,L,friend,discount,2280,1,0,0,1
M,Jordan,Jordan,MiddleSchool,G-07,A,Quran,F,Mum,50,90,29,60,Yes,Good,,M,spam,offer,5897,1,1,0,0
M,Iran,Iran,HighSchool,G-09,A,IT,F,Mum,15,70,37,44,Yes,Good,,M,colleague,offer,107,0,1,1,0
M,KW,KuwaIT,HighSchool,G-09,A,IT,F,Father,20,80,33,33,Yes,Good,,M,friend,discount,9164,1,0,0,0
M,KW,KuwaIT,HighSchool,G-11,A,Quran,F,Father,13,3,11,9,No,Bad,,L,colleague,prize,1626,0,0,0,1
F,lebanon,lebanon,MiddleSchool,G-07,B,Math,F,Mum,80,90,49,55,Yes,Bad,,H,friend,prize,8895,0,1,1,1
M,KW,KuwaIT,MiddleSchool,G-07,A,Math,F,Father,8,15,10,40,Yes,Bad,,L,friend,prize,6229,0,1,1,0
M,KW,KuwaIT,lowerlevel,G-02,A,IT,F,Father,8,25,1,70,No,Bad,,L,colleague,discount,6877,1,0,1,0
M,KW,KuwaIT,lowerlevel,G-02,B,IT,F,Father,7,5,2,80,Yes,Good,,L,spam,meeting,874,1,1,0,0
M,KW,KuwaIT,lowerlevel,G-02,B,IT,F,Father,7,4,10,50,No,Good,,M,spam,offer,5543,0,0,1,0
M,KW,KuwaIT,lowerlevel,G-02,B,IT,F,Father,50,70,50,10,Yes,Good,,H,friend,meeting,3809,0,0,1,0
M,KW,KuwaIT,lowerlevel,G-02,B,IT,F,Father,1,0,1,12,No,Bad,,L,spam,discount,2107,1,0,0,0
M,SaudiArabia,SaudiArabia,lowerlevel,G-02,B,IT,F,Father,70,12,40,50,Yes,Good,,H,friend,meeting,9465,0,1,0,1
M,KW,KuwaIT,lowerlevel,G-02,B,IT,F,Father,19,70,3,50,No,Bad,,L,spam,prize,559,1,0,1,0
F,KW,KuwaIT,lowerlevel,G-02,B,IT,F,Father,3,12,4,33,No,Bad,,L,colleague,prize,8308,0,0,0,0
M,KW,KuwaIT,lowerlevel,G-02,B,IT,F,Father,5,20,1,50,Yes,Good,,L,spam,meeting,4969,0,1,1,0
M,KW,KuwaIT,lowerlevel,G-02,B,IT,F,Father,4,8,10,60,Yes,Good,,L,friend,discount,3046,1,1,0,1
M,KW,KuwaIT,lowerlevel,G-02,B,IT,F,Father,80,90,55,19,Yes,Good,,H,friend,meeting,43,1,1,1,0
F,KW,KuwaIT,lowerlevel,G-02,B,IT,F,Father,50,70,19,15,Yes,Good,,H,spam,prize,508,1,0,0,1
M,USA,USA,lowerlevel,G-02,B,IT,F,Father,55,89,40,40,Yes,Good,,H,colleague,prize,6107,1,1,0,0
F,KW,KuwaIT,lowerlevel,G-02,B,IT,F,Father,80,44,35,10,No,Good,,L,friend,discount,3439,1,1,0,0
F,KW,KuwaIT,lowerlevel,G-02,B,IT,F,Father,100,80,2,70,No,Bad,,H,friend,meeting,3928,0,0,0,0
F,KW,KuwaIT,lowerlevel,G-02,C,IT,F,Father,14,60,11,75,Yes,Good,,H,friend,prize,5411,0,0,1,0
F,KW,KuwaIT,lowerlevel,G-02,B,IT,F,Father,6,2,38,12,No,Bad,,M,friend,prize,916,1,0,0,0
F,KW,KuwaIT,lowerlevel,G-02,C,IT,F,Father,10,3,0,30,No,Bad,,M,friend,meeting,798,1,0,1,0
M,KW,KuwaIT,lowerlevel,G-02,B,IT,F,Father,50,7,9,50,Yes,Bad,,M,colleague,meeting,4971,0,1,0,1
M,KW,KuwaIT,lowerlevel,G-02,B,IT,F,Father,50,90,40,90,Yes,Bad,,M,spam,offer,1760,0,0,0,0
F,KW,KuwaIT,lowerlevel,G-02,B,IT,F,Mum,70,92,50,7,Yes,Good,,H,colleague,discount,3275,1,1,1,0
F,KW,KuwaIT,lowerlevel,G-02,B,IT,F,Father,2,6,2,8,No,Bad,,L,colleague,discount,818,1,0,0,0
M,KW,KuwaIT,lowerlevel,G-02,B,IT,F,Father,1,7,6,10,No,Bad,,L,friend,meeting,5040,0,0,0,1
M,KW,KuwaIT,lowerlevel,G-02,B,IT,F,Father,0,12,3,3,Yes,Good,,M,colleague,discount,3065,1,1,1,0
F,KW,KuwaIT,lowerlevel,G-02,B,IT,F,Father,0,0,5,80,Yes,Good,,L,friend,prize,3259,0,1,0,1
F,KW,KuwaIT,lowerlevel,G-02,B,IT,F,Father,12,26,7,40,Yes,Good,,M,colleague,meeting,906,0,1,1,0
M,KW,KuwaIT,lowerlevel,G-02,B,IT,F,Father,70,90,41,33,Yes,Bad,,H,friend,meeting,602,1,0,0,0
M,SaudiArabia,SaudiArabia,lowerlevel,G-02,B,IT,F,Father,7,12,5,3,No,Bad,,M,friend,meeting,4295,0,0,0,1
M,KW,KuwaIT,lowerlevel,G-02,B,IT,F,Father,90,70,30,14,No,Bad,,M,colleague,offer,9983,0,1,0,1
F,Jordan,Jordan,lowerlevel,G-02,B,IT,F,Mum,70,88,55,40,Yes,Good,,H,colleague,discount,3527,0,1,1,0
M,KW,KuwaIT,lowerlevel,G-02,C,IT,F,Father,77,80,51,80,No,Good,,M,spam,offer,4543,1,0,0,1
M,KW,KuwaIT,lowerlevel,G-02,B,IT,F,Father,2,5,3,50,No,Bad,,L,spam,prize,1811,0,1,0,1
M,KW,KuwaIT,lowerlevel,G-02,B,IT,F,Father,25,27,0,69,No,Bad,,L,spam,discount,9032,1,1,0,0
M,KW,KuwaIT,lowerlevel,G-02,B,IT,F,Father,11,2,0,50,No,Bad,,L,colleague,offer,7963,0,0,0,0
M,KW,KuwaIT,lowerlevel,G-02,B,IT,F,Father,0,8,11,70,Yes,Good,,L,colleague,meeting,5249,0,1,0,0
F,KW,KuwaIT,lowerlevel,G-02,C,IT,F,Mum,77,80,12,19,Yes,Good,,M,friend,offer,4615,0,0,0,1
F,KW,KuwaIT,lowerlevel,G-02,C,IT,F,Mum,25,29,40,17,No,Good,,H,spam,meeting,9228,0,0,0,0
F,KW,KuwaIT,lowerlevel,G-02,C,IT,F,Mum,24,35,23,22,Yes,Good,,M,friend,offer,8916,0,0,0,0
M,KW,KuwaIT,lowerlevel,G-02,C,IT,F,Father,60,60,3,60,No,Bad,,M,friend,offer,6766,1,1,0,1
M,KW,KuwaIT,lowerlevel,G-02,C,IT,F,Mum,21,12,0,50,Yes,Good,,M,friend,offer,9179,1,1,1,1
M,KW,KuwaIT,lowerlevel,G-02,C,IT,F,Mum,0,4,8,30,No,Bad,,L,friend,meeting,802,0,1,0,0
F,KW,KuwaIT,lowerlevel,G-02,B,IT,F,Father,66,90,55,12,Yes,Good,,M,spam,offer,2582,1,1,1,1
F,lebanon,lebanon,lowerlevel,G-02,B,IT,F,Father,70,98,7,5,Yes,Good,,M,friend,discount,6445,1,0,1,1
M,KW,KuwaIT,lowerlevel,G-02,C,IT,F,Father,0,6,4,15,Yes,Bad,,L,colleague,discount,3837,0,0,1,1
M,KW,KuwaIT,lowerlevel,G-02,B,IT,F,Father,12,30,0,17,No,Good,,L,colleague,discount,8718,1,1,0,0
F,Iran,Iran,lowerlevel,G-02,C,IT,F,Father,2,9,7,55,Yes,Good,,M,colleague,meeting,1665,1,1,1,0
M,KW,KuwaIT,lowerlevel,G-02,B,IT,F,Father,55,33,6,9,No,Bad,,L,spam,meeting,9330,1,1,1,0
M,KW,KuwaIT,lowerlevel,G-02,C,IT,F,Father,12,10,20,16,No,Bad,,L,friend,discount,8651,1,1,1,1
M,KW,KuwaIT,lowerlevel,G-02,B,IT,F,Father,70,90,2,2,Yes,Good,,L,spam,discount,6975,0,0,0,0
F,KW,KuwaIT,lowerlevel,G-02,C,IT,F,Father,7,9,5,30,No,Bad,,L,friend,discount,2552,1,1,1,0
M,Jordan,Jordan,lowerlevel,G-02,C,IT,F,Father,80,42,20,50,Yes,Good,,M,spam,prize,7475,0,0,0,1
M,KW,KuwaIT,lowerlevel,G-02,C,IT,S,Father,0,3,10,3,No,Bad,,L,spam,discount,2808,0,1,1,1
M,KW,KuwaIT,lowerlevel,G-02,A,IT,S,Father,12,60,0,70,Yes,Good,,L,friend,offer,5633,1,1,1,0
M,KW,KuwaIT,MiddleSchool,G-07,A,Quran,S,Father,80,80,15,70,Yes,Good,,H,spam,prize,6096,0,1,0,1
F,Egypt,Egypt,MiddleSchool,G-07,A,Quran,S,Mum,70,80,95,70,Yes,Good,,H,friend,prize,8823,1,0,0,0
F,KW,USA,HighSchool,G-11,A,Quran,S,Mum,70,80,95,70,Yes,Good,,H,colleague,meeting,2456,0,1,1,0
F,KW,USA,HighSchool,G-11,A,Quran,F,Mum,60,80,50,40,No,Bad,,M,colleague,offer,9173,1,0,1,0
F,Jordan,Egypt,MiddleSchool,G-07,A,Quran,F,Mum,100,80,95,90,No,Bad,,H,colleague,meeting,5423,1,0,1,1
M,Jordan,USA,MiddleSchool,G-07,A,Quran,F,Mum,100,85,85,70,No,Bad,,M,spam,meeting,4317,0,1,0,1
M,Tunis,Tunis,MiddleSchool,G-07,A,Quran,F,Father,10,60,5,20,Yes,Bad,,L,colleague,offer,1556,1,0,0,0
M,Tunis,Tunis,MiddleSchool,G-07,A,Quran,S,Father,19,65,50,10,No,Bad,,L,friend,meeting,2205,1,0,1,0
M,Tunis,Tunis,MiddleSchool,G-07,A,Quran,S,Father,10,75,55,11,Yes,Good,,M,colleague,offer,3955,1,0,1,0
M,KW,KuwaIT,MiddleSchool,G-07,A,Quran,S,Father,80,90,55,19,Yes,Good,,H,colleague,offer,9113,1,1,0,0
M,KW,KuwaIT,MiddleSchool,G-07,A,Quran,S,Father,10,10,15,19,No,Bad,,L,spam,meeting,6805,0,0,0,1
M,Tunis,SaudiArabia,MiddleSchool,G-07,A,Quran,S,Father,70,75,55,11,Yes,Bad,,M,friend,discount,404,0,0,1,0
F,lebanon,lebanon,MiddleSchool,G-07,A,Quran,S,Mum,100,75,50,70,Yes,Good,,H,spam,meeting,1620,0,1,0,0
F,lebanon,lebanon,MiddleSchool,G-07,A,Quran,S,Father,10,79,30,30,No,Bad,,M,spam,prize,2952,1,1,1,1
F,Jordan,Jordan,MiddleSchool,G-07,A,Quran,S,Father,60,55,30,40,No,Bad,,M,friend,meeting,8080,0,0,0,0
F,Jordan,lebanon,MiddleSchool,G-07,A,Quran,S,Mum,100,75,50,70,Yes,Bad,,H,spam,offer,3118,1,0,1,0
M,SaudiArabia,SaudiArabia,HighSchool,G-11,A,Quran,S,Father,80,80,51,59,Yes,Good,,H,friend,prize,7380,1,0,1,0
M,SaudiArabia,USA,HighSchool,G-11,A,Science,S,Father,23,63,71,89,Yes,Good,,M,colleague,offer,6630,1,0,1,0
F,SaudiArabia,USA,HighSchool,G-11,B,Science,S,Father,100,91,98,40,Yes,Bad,,H,friend,discount,9786,0,1,0,0
M,SaudiArabia,USA,HighSchool,G-11,B,Spanish,S,Father,10,51,40,40,No,Bad,,L,friend,discount,565,0,1,1,1
M,SaudiArabia,USA,HighSchool,G-11,B,English,S,Father,70,50,33,41,No,Bad,,M,friend,prize,4799,0,0,1,1
M,SaudiArabia,USA,HighSchool,G-11,B,Math,S,Father,70,58,73,91,Yes,Bad,,H,spam,discount,7670,0,1,0,1
F,Tunis,USA,HighSchool,G-11,B,French,S,Father,70,50,30,49,Yes,Good,,M,friend,discount,2868,1,0,1,1
M,Tunis,Tunis,HighSchool,G-11,B,Science,S,Father,70,50,33,40,No,Good,,M,friend,meeting,9049,0,1,1,0
M,Tunis,KuwaIT,MiddleSchool,G-07,B,Science,S,Father,22,51,48,10,No,Bad,,L,friend,meeting,9476,0,1,1,1
F,KW,KuwaIT,MiddleSchool,G-07,B,Science,S,Father,62,68,48,80,Yes,Good,,M,colleague,discount,8776,0,0,0,1
F,Jordan,Jordan,MiddleSchool,G-07,B,Science,S,Mum,82,89,58,50,Yes,Good,,H,friend,discount,4327,0,0,0,1
M,Jordan,Jordan,MiddleSchool,G-07,B,Science,S,Mum,72,80,58,66,No,Bad,,M,spam,meeting,6413,1,0,0,1
F,Jordan,Jordan,lowerlevel,G-02,B,French,S,Mum,70,82,3,73,No,Bad,,H,friend,discount,7614,0,0,0,1
F,Jordan,USA,lowerlevel,G-02,B,French,S,Mum,60,82,93,43,No,Bad,,M,friend,discount,1245,0,1,1,1
M,Jordan,Jordan,lowerlevel,G-02,B,French,S,Mum,55,72,83,14,Yes,Good,,M,colleague,offer,8243,0,1,0,1
F,Morocco,Morocco,lowerlevel,G-02,B,French,S,Mum,72,65,73,66,Yes,Good,,H,friend,discount,537,1,0,0,1
M,KW,KuwaIT,lowerlevel,G-02,B,French,S,Mum,51,82,53,43,No,Bad,,M,spam,prize,540,0,1,0,0
M,Tunis,Tunis,lowerlevel,G-02,B,French,S,Mum,80,92,83,43,Yes,Good,,H,friend,offer,814,0,1,1,1
M,KW,KuwaIT,lowerlevel,G-02,B,French,S,Mum,60,52,23,33,Yes,Good,,H,spam,prize,1415,0,0,1,0
M,KW,KuwaIT,lowerlevel,G-02,B,French,S,Mum,30,12,29,23,No,Bad,,M,colleague,discount,1652,1,0,1,1
M,KW,KuwaIT,lowerlevel,G-02,B,French,S,Father,40,62,83,33,Yes,Good,,H,friend,meeting,4062,1,1,0,1
M,KW,KuwaIT,lowerlevel,G-02,B,French,S,Mum,60,52,23,33,No,Good,,M,colleague,offer,2356,0,0,1,1
M,Iran,Iran,lowerlevel,G-02,B,French,S,Mum,20,22,53,13,No,Good,,L,friend,meeting,3810,0,0,1,0
M,Syria,Syria,lowerlevel,G-02,B,French,S,Mum,20,52,23,33,Yes,Good,,L,spam,offer,9055,1,1,0,0
F,Jordan,Jordan,lowerlevel,G-02,B,French,S,Father,50,62,73,43,Yes,Bad,,M,colleague,meeting,185,1,1,1,1
M,Iran,Iran,lowerlevel,G-02,B,French,S,Father,10,2,13,53,No,Bad,,L,friend,offer,1551,1,0,0,0
M,Tunis,Tunis,lowerlevel,G-02,B,French,S,Mum,60,52,23,33,Yes,Bad,,H,spam,offer,7013,1,1,0,1
F,USA,USA,lowerlevel,G-02,B,French,S,Mum,15,52,83,11,Yes,Bad,,M,colleague,prize,761,1,0,1,0
F,lebanon,lebanon,lowerlevel,G-02,B,French,S,Mum,80,42,33,13,Yes,Bad,,H,friend,meeting,9471,0,0,0,0
M,lebanon,lebanon,lowerlevel,G-02,B,French,S,Mum,40,51,20,33,No,Bad,,M,colleague,prize,6163,0,1,0,0
F,SaudiArabia,SaudiArabia,lowerlevel,G-02,B,French,S,Father,60,70,63,93,Yes,Bad,,H,friend,prize,7635,0,1,0,1
M,Jordan,Jordan,lowerlevel,G-02,B,French,S,Father,50,62,13,33,No,Bad,,L,spam,meeting,3281,0,0,0,0
M,KW,KuwaIT,MiddleSchool,G-08,A,Arabic,S,Mum,85,75,62,53,Yes,Bad,,H,spam,offer,1536,1,0,0,0
F,lebanon,lebanon,MiddleSchool,G-08,A,Arabic,S,Father,25,15,32,53,No,Bad,,M,colleague,prize,6201,1,0,0,1
M,lebanon,lebanon,MiddleSchool,G-08,A,Arabic,S,Mum,10,35,30,13,No,Bad,,L,colleague,meeting,3164,1,1,1,0
M,lebanon,Jordan,MiddleSchool,G-08,A,Arabic,S,Mum,87,65,82,33,Yes,Good,,H,friend,offer,2770,1,0,0,1
M,KW,KuwaIT,MiddleSchool,G-08,A,Arabic,S,Mum,85,15,22,53,Yes,Good,,M,spam,prize,7399,1,1,0,1
F,KW,KuwaIT,MiddleSchool,G-08,A,Arabic,S,Father,80,71,52,51,Yes,Good,,M,friend,prize,3845,0,0,0,0
M,KW,KuwaIT,MiddleSchool,G-08,A,Arabic,S,Mum,75,71,72,53,Yes,Good,,H,spam,prize,3435,0,1,0,1
F,KW,KuwaIT,MiddleSchool,G-08,A,Arabic,S,Father,85,66,12,23,No,Bad,,M,colleague,offer,4710,0,0,1,0
M,KW,KuwaIT,MiddleSchool,G-08,A,Arabic,S,Father,23,25,32,53,No,Bad,,L,friend,prize,561,0,1,1,0
M,KW,KuwaIT,MiddleSchool,G-08,A,Arabic,S,Father,15,25,37,13,Yes,Good,,L,friend,offer,4717,0,0,0,1
M,KW,KuwaIT,MiddleSchool,G-08,A,Arabic,S,Mum,95,91,62,53,Yes,Good,,M,spam,discount,7623,1,0,1,0
M,Morocco,Morocco,MiddleSchool,G-08,A,Arabic,S,Mum,81,75,62,53,No,Bad,,M,spam,prize,7187,1,0,0,0
M,Morocco,Morocco,MiddleSchool,G-08,A,Arabic,S,Mum,53,75,72,23,No,Bad,,M,spam,discount,2180,1,0,0,1
M,KW,KuwaIT,MiddleSchool,G-08,A,Arabic,S,Father,15,43,42,33,Yes,Good,,M,colleague,meeting,1960,1,1,0,1
M,KW,KuwaIT,MiddleSchool,G-08,A,Arabic,S,Mum,92,65,62,53,Yes,Good,,H,friend,prize,3879,1,1,0,0
M,KW,KuwaIT,MiddleSchool,G-08,A,Arabic,S,Mum,83,75,62,53,No,Bad,,H,spam,meeting,5153,0,1,1,1
M,Morocco,Morocco,MiddleSchool,G-08,B,Arabic,S,Father,27,15,42,53,No,Bad,,L,colleague,meeting,7035,0,1,1,1
M,KW,KuwaIT,MiddleSchool,G-08,B,Arabic,S,Father,45,95,12,13,No,Bad,,M,spam,meeting,3270,0,1,0,1
M,KW,KuwaIT,MiddleSchool,G-08,B,Arabic,S,Mum,15,90,52,83,Yes,Bad,,H,friend,discount,4687,1,0,0,1
F,lebanon,lebanon,MiddleSchool,G-08,A,Arabic,S,Mum,45,58,52,43,Yes,Good,,H,spam,offer,582,1,1,1,0
M,KW,KuwaIT,MiddleSchool,G-08,B,Arabic,S,Father,25,5,12,33,Yes,Good,,M,friend,discount,9805,1,1,1,0
F,KW,KuwaIT,MiddleSchool,G-08,B,Arabic,S,Father,22,51,42,40,Yes,Bad,,M,colleague,discount,9293,1,1,0,1
M,Jordan,Jordan,MiddleSchool,G-08,B,Arabic,S,Father,29,10,12,24,No,Bad,,L,colleague,meeting,288,0,1,1,0
F,SaudiArabia,SaudiArabia,MiddleSchool,G-08,B,Arabic,S,Mum,72,51,42,24,Yes,Bad,,H,spam,prize,5664,1,0,0,1
M,KW,KuwaIT,MiddleSchool,G-08,B,Arabic,S,Father,67,31,42,14,Yes,Good,,M,friend,offer,7979,0,0,1,1
M,KW,KuwaIT,MiddleSchool,G-08,C,Spanish,S,Father,17,21,42,14,Yes,Good,,M,friend,meeting,3859,1,0,1,0
M,Tunis,Tunis,MiddleSchool,G-08,C,Spanish,S,Mum,27,41,49,14,No,Bad,,M,friend,offer,3060,0,0,1,0
M,KW,KuwaIT,MiddleSchool,G-08,C,Spanish,S,Father,70,81,39,84,No,Bad,,M,spam,discount,1183,1,1,1,0
M,Jordan,SaudiArabia,MiddleSchool,G-08,C,Spanish,S,Mum,27,90,82,14,Yes,Good,,H,friend,offer,4335,1,1,0,0
M,KW,KuwaIT,MiddleSchool,G-08,C,Spanish,S,Father,17,61,42,14,No,Bad,,M,friend,offer,1446,0,0,0,1
M,Tunis,Tunis,MiddleSchool,G-08,C,Spanish,S,Mum,87,81,42,19,Yes,Good,,H,friend,prize,6679,0,0,1,1
M,Tunis,Tunis,MiddleSchool,G-08,C,Spanish,S,Father,7,61,22,14,No,Bad,,L,friend,meeting,9941,1,1,0,0
M,KW,KuwaIT,MiddleSchool,G-08,C,Spanish,S,Father,17,50,2,4,No,Bad,,L,spam,offer,6213,0,1,1,1
M,KW,KuwaIT,MiddleSchool,G-08,C,Spanish,S,Father,5,21,42,14,No,Good,,L,spam,offer,1903,1,0,1,0
M,Iran,Iran,MiddleSchool,G-08,C,Spanish,S,Mum,27,41,32,61,Yes,Bad,,M,friend,discount,7894,1,0,0,0
F,Jordan,KuwaIT,MiddleSchool,G-08,C,Spanish,S,Father,87,88,40,10,Yes,Good,,M,friend,discount,9269,0,0,0,0
M,KW,KuwaIT,MiddleSchool,G-08,C,Spanish,S,Mum,96,61,42,94,Yes,Bad,,H,colleague,offer,2377,1,0,0,1
M,KW,KuwaIT,MiddleSchool,G-08,C,Spanish,S,Mum,57,51,46,34,Yes,Good,,M,colleague,meeting,847,1,1,1,1
M,lebanon,lebanon,MiddleSchool,G-08,C,Spanish,S,Father,77,69,41,13,Yes,Good,,M,friend,offer,7370,0,1,0,0
M,lebanon,lebanon,MiddleSchool,G-08,C,Spanish,S,Father,80,51,40,24,No,Good,,M,friend,offer,6341,1,1,0,0
M,KW,KuwaIT,MiddleSchool,G-08,B,Spanish,S,Father,62,61,82,40,Yes,Bad,,M,colleague,prize,1239,1,0,0,0
M,KW,KuwaIT,MiddleSchool,G-08,A,Spanish,S,Mum,72,83,12,90,Yes,Good,,H,colleague,meeting,5600,1,1,0,0
M,KW,KuwaIT,MiddleSchool,G-08,B,Spanish,S,Mum,87,81,22,70,Yes,Bad,,H,friend,prize,9524,1,1,1,1
M,KW,KuwaIT,MiddleSchool,G-08,A,Spanish,S,Mum,72,90,12,30,No,Bad,,M,spam,meeting,4791,0,0,1,1
M,KW,KuwaIT,MiddleSchool,G-08,B,Spanish,S,Father,2,11,62,30,No,Bad,,L,spam,meeting,2365,0,0,1,0
M,KW,KuwaIT,MiddleSchool,G-08,A,Spanish,S,Father,5,3,2,10,Yes,Good,,L,friend,meeting,5055,0,0,1,0
M,KW,KuwaIT,HighSchool,G-11,B,Math,S,Mum,73,84,77,81,Yes,Good,,H,friend,prize,5622,1,0,1,1
M,KW,KuwaIT,MiddleSchool,G-08,A,Spanish,S,Father,5,17,21,10,No,Bad,,L,colleague,prize,372,0,0,1,0
M,Iran,Iran,MiddleSchool,G-08,A,Spanish,S,Mum,51,42,12,29,No,Bad,,M,colleague,prize,7783,0,0,1,1
M,Syria,Jordan,MiddleSchool,G-08,A,Spanish,S,Father,9,7,21,20,Yes,Good,,L,spam,discount,1949,0,1,0,1
M,Syria,Syria,MiddleSchool,G-07,A,Quran,F,Father,19,72,15,50,Yes,Good,,M,friend,prize,244,1,1,1,0
F,Jordan,Jordan,MiddleSchool,G-07,B,Science,S,Mum,32,80,58,46,Yes,Good,,M,colleague,discount,7795,0,1,1,1
M,KW,KuwaIT,MiddleSchool,G-07,B,Science,S,Mum,32,60,58,66,Yes,Good,,M,spam,discount,5772,0,1,1,1
M,KW,KuwaIT,MiddleSchool,G-07,B,Science,S,Father,12,8,18,26,No,Bad,,L,spam,discount,124,1,1,1,1
M,Jordan,Jordan,MiddleSchool,G-07,B,Science,S,Father,52,10,13,6,No,Bad,,L,spam,offer,1919,1,1,0,1
M,KW,KuwaIT,MiddleSchool,G-07,B,Science,S,Father,72,80,58,66,Yes,Good,,M,colleague,offer,9827,1,0,1,0
F,KW,KuwaIT,MiddleSchool,G-07,B,Science,S,Mum,72,80,58,66,Yes,Good,,M,colleague,offer,9617,1,0,1,1
M,Egypt,Egypt,MiddleSchool,G-07,B,Science,S,Mum,92,80,88,76,Yes,Good,,H,friend,discount,9732,1,0,0,1
M,KW,KuwaIT,MiddleSchool,G-07,B,Science,S,Mum,72,80,98,96,Yes,Bad,,H,friend,discount,530,1,1,1,1
M,Egypt,Egypt,MiddleSchool,G-07,B,Science,S,Father,72,80,58,86,Yes,Good,,M,spam,meeting,7849,0,1,1,0
M,KW,KuwaIT,MiddleSchool,G-07,B,Science,S,Father,22,20,18,6,No,Bad,,L,spam,discount,6929,0,0,1,0
M,Egypt,KuwaIT,MiddleSchool,G-07,B,Science,S,Father,12,20,38,46,No,Bad,,M,colleague,offer,4349,1,0,1,0
M,KW,KuwaIT,MiddleSchool,G-07,B,IT,S,Mum,70,92,83,85,Yes,Bad,,H,colleague,discount,4756,1,0,1,1
F,KW,KuwaIT,MiddleSchool,G-06,A,IT,S,Father,50,40,52,66,Yes,Bad,,M,friend,discount,1801,0,0,1,0
F,KW,KuwaIT,MiddleSchool,G-06,A,Science,S,Father,80,94,62,77,Yes,Good,,H,friend,meeting,5156,1,0,1,0
F,KW,KuwaIT,MiddleSchool,G-06,A,Math,S,Father,87,48,82,96,No,Bad,,M,friend,discount,7856,1,1,0,0
F,KW,KuwaIT,MiddleSchool,G-06,A,Quran,S,Father,70,40,2,16,No,Bad,,L,colleague,prize,5461,0,1,0,1
M,KW,KuwaIT,lowerlevel,G-04,A,IT,S,Father,65,86,62,40,No,Good,,M,spam,meeting,9228,1,1,1,0
M,KW,KuwaIT,lowerlevel,G-04,A,Math,S,Father,15,6,32,40,Yes,Good,,H,friend,discount,5302,1,0,0,0
M,Egypt,Egypt,lowerlevel,G-04,A,English,S,Mum,19,74,32,17,No,Good,,L,friend,discount,7432,0,1,1,0
F,KW,KuwaIT,lowerlevel,G-04,A,Science,S,Father,69,76,82,94,No,Bad,,M,colleague,meeting,6189,0,0,0,1
M,KW,KuwaIT,lowerlevel,G-04,A,Arabic,S,Father,39,26,12,44,No,Bad,,L,friend,discount,1142,0,1,1,1
M,KW,KuwaIT,lowerlevel,G-04,A,English,S,Father,59,97,42,70,Yes,Good,,H,spam,offer,7076,0,0,0,0
M,KW,KuwaIT,lowerlevel,G-04,A,History,S,Father,10,17,12,40,Yes,Good,,H,colleague,prize,7614,0,0,1,0
F,KW,KuwaIT,lowerlevel,G-04,A,History,S,Mum,80,87,72,60,No,Good,,H,friend,prize,9947,1,1,0,0
F,KW,KuwaIT,lowerlevel,G-04,A,History,S,Father,70,99,66,65,No,Good,,M,friend,offer,4840,1,1,0,1
F,KW,KuwaIT,lowerlevel,G-04,A,History,S,Father,80,97,86,95,Yes,Good,,M,colleague,discount,1629,1,1,1,1
M,KW,KuwaIT,lowerlevel,G-04,A,English,S,Mum,69,34,12,17,No,Bad,,L,colleague,discount,5062,1,1,1,0
M,KW,KuwaIT,lowerlevel,G-04,A,History,S,Father,10,17,12,14,No,Bad,,L,friend,prize,762,1,1,0,1
M,KW,KuwaIT,lowerlevel,G-04,A,History,S,Father,61,97,82,64,Yes,Bad,,M,spam,discount,6905,0,0,0,0
F,KW,KuwaIT,lowerlevel,G-04,A,History,S,Mum,21,27,52,34,Yes,Good,,M,colleague,prize,4889,1,1,1,1
M,Egypt,Egypt,lowerlevel,G-04,A,Math,S,Mum,49,94,42,7,No,Bad,,M,spam,prize,4839,1,1,0,0
F,Jordan,Jordan,MiddleSchool,G-06,A,English,F,Mum,70,64,42,32,No,Bad,,M,friend,offer,3957,1,0,1,1
F,Jordan,Jordan,MiddleSchool,G-06,A,English,S,Mum,79,84,82,37,No,Bad,,H,spam,prize,557,1,1,0,0
M,Jordan,Jordan,MiddleSchool,G-06,A,English,F,Father,19,80,12,17,Yes,Good,,M,friend,discount,4621,1,0,0,1
M,Jordan,Jordan,MiddleSchool,G-06,A,English,S,Father,11,70,32,29,Yes,Good,,M,friend,discount,839,0,1,1,0
M,Jordan,Jordan,MiddleSchool,G-06,A,English,F,Father,10,8,10,10,Yes,Bad,,M,friend,meeting,8194,1,1,1,0
M,Jordan,Jordan,MiddleSchool,G-06,A,English,S,Father,18,28,40,20,Yes,Bad,,M,friend,discount,9243,1,0,1,0
F,Jordan,Jordan,MiddleSchool,G-06,A,English,F,Mum,90,84,52,30,No,Good,,H,spam,meeting,9596,1,1,0,0
F,Jordan,Jordan,MiddleSchool,G-06,A,English,S,Mum,92,81,32,36,No,Good,,M,friend,prize,8348,1,1,0,1
M,Jordan,Jordan,MiddleSchool,G-06,A,English,F,Father,42,21,2,16,No,Bad,,M,friend,discount,6998,1,1,0,0
M,Jordan,Jordan,MiddleSchool,G-06,A,English,S,Father,22,20,6,26,No,Bad,,H,spam,offer,510,1,1,1,1
F,lebanon,lebanon,MiddleSchool,G-06,A,English,F,Mum,95,82,82,70,Yes,Good,,H,colleague,offer,1137,0,0,0,1
F,lebanon,lebanon,MiddleSchool,G-06,A,English,S,Mum,90,62,80,60,Yes,Good,,H,spam,offer,5606,1,0,0,0
M,Palestine,Jordan,MiddleSchool,G-06,A,English,F,Mum,72,21,22,26,Yes,Good,,H,spam,prize,4666,0,1,1,0
M,Palestine,Jordan,MiddleSchool,G-06,A,English,S,Mum,92,31,42,27,Yes,Good,,H,spam,prize,8906,0,1,0,0
M,Palestine,Jordan,MiddleSchool,G-06,A,English,F,Mum,82,31,52,25,No,Good,,M,friend,meeting,5434,1,0,0,0
M,Palestine,Jordan,MiddleSchool,G-06,A,English,S,Mum,72,41,46,27,No,Good,,M,friend,offer,6446,1,0,1,1
M,Iraq,Iraq,MiddleSchool,G-06,A,English,F,Mum,74,71,56,37,No,Good,,H,friend,meeting,2654,1,1,1,1
M,Iraq,Iraq,MiddleSchool,G-06,A,English,S,Mum,74,60,56,37,No,Good,,H,colleague,meeting,990,0,0,1,1
F,Jordan,Jordan,MiddleSchool,G-06,A,English,F,Mum,95,94,72,80,No,Good,,H,friend,discount,7820,1,0,1,1
F,Jordan,Jordan,MiddleSchool,G-06,A,English,S,Mum,97,87,82,86,No,Good,,H,colleague,discount,2160,1,0,1,0
M,Jordan,Jordan,MiddleSchool,G-06,A,English,F,Father,40,38,32,36,No,Bad,,M,friend,offer,5740,1,0,1,1
M,Jordan,Jordan,MiddleSchool,G-06,A,English,S,Father,41,39,35,39,Yes,Bad,,M,spam,prize,4457,0,1,1,0
F,Jordan,Jordan,MiddleSchool,G-06,A,English,F,Mum,51,79,85,89,Yes,Good,,H,friend,discount,2063,0,0,1,0
F,Jordan,Jordan,MiddleSchool,G-06,A,English,S,Mum,81,79,91,85,Yes,Good,,H,colleague,prize,1977,1,1,1,1
M,Palestine,Jordan,MiddleSchool,G-06,A,English,F,Mum,71,70,65,69,Yes,Good,,M,colleague,meeting,8567,0,1,0,1
M,Palestine,Jordan,MiddleSchool,G-06,A,English,S,Mum,75,71,76,80,Yes,Good,,M,friend,meeting,8933,1,0,1,1
F,Jordan,Jordan,lowerlevel,G-04,A,Science,F,Father,49,36,32,44,No,Bad,,L,spam,meeting,2667,0,1,1,1
F,Jordan,Jordan,lowerlevel,G-04,A,Science,S,Father,42,24,12,24,No,Bad,,L,friend,meeting,9432,1,1,0,1
F,Palestine,Palestine,lowerlevel,G-04,A,Science,F,Mum,90,86,82,74,Yes,Good,,H,friend,offer,4919,0,0,1,1
F,Palestine,Palestine,lowerlevel,G-04,A,Science,S,Mum,62,64,72,84,Yes,Good,,H,friend,meeting,8609,1,0,0,0
M,Iraq,Iraq,lowerlevel,G-04,A,Science,F,Father,90,86,82,74,Yes,Good,,M,spam,discount,7642,1,0,0,0
M,Iraq,Iraq,lowerlevel,G-04,A,Science,S,Father,62,64,72,84,Yes,Good,,M,colleague,meeting,8798,0,1,1,0
F,Jordan,Jordan,lowerlevel,G-04,A,Science,F,Mum,98,87,86,84,No,Good,,H,spam,prize,8759,0,1,0,1
F,Jordan,Jordan,lowerlevel,G-04,A,Science,S,Mum,72,74,82,89,No,Good,,H,colleague,discount,543,0,1,1,0
M,Jordan,Jordan,lowerlevel,G-04,A,Science,F,Father,18,17,26,34,No,Good,,M,colleague,prize,883,0,1,1,0
M,Jordan,Jordan,lowerlevel,G-04,A,Science,S,Father,32,14,32,29,No,Good,,M,colleague,prize,4798,0,0,0,0
M,Jordan,Jordan,lowerlevel,G-04,A,Science,F,Father,10,12,20,13,No,Bad,,L,spam,offer,8040,1,1,0,0
M,Jordan,Jordan,lowerlevel,G-04,A,Science,S,Father,22,34,15,9,No,Bad,,L,friend,offer,9415,1,0,0,0
F,Jordan,Jordan,lowerlevel,G-04,B,Science,F,Mum,11,20,21,23,No,Bad,,M,friend,prize,5718,0,0,1,0
F,Jordan,Jordan,lowerlevel,G-04,B,Science,S,Mum,12,44,25,39,No,Bad,,M,friend,prize,2068,1,0,1,1
F,Jordan,Jordan,lowerlevel,G-04,B,Science,F,Father,15,50,24,43,Yes,Bad,,M,friend,meeting,7478,1,0,0,1
F,Jordan,Jordan,lowerlevel,G-04,B,Science,S,Father,32,44,29,89,Yes,Bad,,M,friend,discount,8120,0,1,1,1
M,Jordan,Jordan,lowerlevel,G-04,B,Science,F,Mum,65,59,74,83,Yes,Good,,H,spam,meeting,7820,1,0,1,0
M,Jordan,Jordan,lowerlevel,G-04,B,Science,S,Mum,72,64,59,89,Yes,Good,,H,spam,offer,1786,1,1,0,1
M,Palestine,Jordan,lowerlevel,G-04,B,Science,F,Mum,95,57,74,89,Yes,Good,,M,spam,offer,5715,0,0,0,1
M,Palestine,Jordan,lowerlevel,G-04,B,Science,S,Mum,82,84,79,79,Yes,Good,,M,spam,meeting,9649,0,0,0,0
M,Jordan,Jordan,lowerlevel,G-04,B,Science,F,Father,25,29,34,33,No,Good,,M,spam,discount,8269,1,0,0,1
M,Jordan,Jordan,lowerlevel,G-04,B,Science,S,Father,42,34,29,39,No,Good,,M,spam,prize,1308,0,1,0,0
F,Jordan,Jordan,lowerlevel,G-04,B,Science,F,Mum,55,79,44,43,Yes,Good,,H,spam,meeting,8839,1,0,0,1
F,Jordan,Jordan,lowerlevel,G-04,B,Science,S,Mum,62,64,69,49,Yes,Good,,H,friend,offer,8744,0,0,0,0
F,Jordan,lebanon,lowerlevel,G-04,B,Science,F,Mum,78,88,74,83,Yes,Good,,H,colleague,discount,8473,0,0,0,0
F,Jordan,lebanon,lowerlevel,G-04,B,Science,S,Mum,72,84,89,89,Yes,Good,,H,spam,offer,9473,0,0,0,1
M,Jordan,Jordan,lowerlevel,G-02,A,French,F,Mum,60,92,83,23,Yes,Good,,H,colleague,discount,4861,0,1,0,0
M,Jordan,Jordan,lowerlevel,G-02,A,French,S,Mum,50,90,83,13,Yes,Good,,H,spam,discount,2776,1,1,1,1
F,Jordan,Jordan,lowerlevel,G-02,A,French,F,Mum,60,97,13,3,Yes,Good,,H,spam,discount,1596,0,0,1,0
F,Jordan,Jordan,lowerlevel,G-02,A,French,S,Mum,50,95,23,10,Yes,Good,,H,friend,meeting,479,0,0,0,1
F,Jordan,Jordan,lowerlevel,G-02,A,French,F,Mum,60,87,23,11,Yes,Good,,M,colleague,meeting,3312,1,1,1,1
F,Jordan,Jordan,lowerlevel,G-02,A,French,S,Mum,50,80,20,15,Yes,Good,,M,friend,meeting,6156,1,1,1,0
M,Jordan,Jordan,lowerlevel,G-02,A,French,F,Father,10,15,10,21,No,Bad,,L,friend,discount,7919,1,1,1,1
M,Jordan,Jordan,lowerlevel,G-02,A,French,S,Father,30,10,20,5,No,Bad,,L,colleague,discount,6744,1,0,1,1
M,Syria,Syria,lowerlevel,G-02,A,French,F,Father,24,35,18,31,No,Bad,,M,friend,offer,3898,0,1,1,1
M,Syria,Syria,lowerlevel,G-02,A,French,S,Father,27,20,33,35,No,Bad,,M,spam,prize,2072,1,0,1,0
M,Jordan,Jordan,lowerlevel,G-02,A,French,F,Father,10,15,10,21,No,Bad,,L,spam,meeting,9487,0,1,0,0
M,Jordan,Jordan,lowerlevel,G-02,A,French,S,Father,30,10,20,5,No,Bad,,L,spam,discount,5624,1,1,0,1
F,Jordan,Palestine,lowerlevel,G-02,A,French,F,Mum,80,77,63,83,Yes,Good,,M,spam,offer,938,0,0,1,1
F,Jordan,Palestine,lowerlevel,G-02,A,French,S,Mum,75,85,73,80,Yes,Good,,M,spam,offer,8176,1,1,1,0
M,Jordan,Jordan,lowerlevel,G-02,A,French,F,Father,40,7,50,41,No,Good,,L,friend,offer,761,0,0,0,0
M,Jordan,Jordan,lowerlevel,G-02,A,French,S,Father,35,2,29,33,No,Good,,L,friend,meeting,7254,0,1,1,1
F,Jordan,Jordan,lowerlevel,G-02,A,French,F,Mum,10,90,30,21,No,Good,,M,spam,meeting,1669,1,0,1,0
F,Jordan,Jordan,lowerlevel,G-02,A,French,S,Mum,25,80,29,23,No,Good,,M,spam,prize,7128,0,1,1,0
M,Lybia,Lybia,lowerlevel,G-02,A,French,F,Mum,10,8,9,3,No,Good,,L,friend,offer,3862,0,1,1,1
M,Lybia,Lybia,lowerlevel,G-02,A,French,S,Mum,15,7,12,7,No,Good,,L,colleague,meeting,2685,0,0,1,0
F,Palestine,Jordan,lowerlevel,G-02,A,French,F,Mum,70,90,20,21,No,Good,,M,friend,offer,6634,0,0,0,0
F,Palestine,Jordan,lowerlevel,G-02,A,French,S,Mum,75,80,15,20,No,Good,,M,friend,discount,1931,1,0,0,0
F,Palestine,Jordan,lowerlevel,G-02,B,French,F,Father,78,98,10,11,No,Good,,M,friend,offer,7308,0,0,1,1
F,Palestine,Jordan,lowerlevel,G-02,B,French,S,Father,79,89,11,14,No,Good,,M,friend,prize,3939,0,1,0,0
F,Iraq,Iraq,lowerlevel,G-02,B,French,F,Father,16,90,15,11,No,Good,,M,friend,meeting,1126,1,1,1,1
F,Iraq,Iraq,lowerlevel,G-02,B,French,S,Father,17,80,13,10,No,Good,,M,colleague,discount,6021,1,1,1,0
M,Jordan,Jordan,lowerlevel,G-02,B,French,F,Mum,40,87,50,41,No,Bad,,M,spam,meeting,6437,1,1,1,0
M,Jordan,Jordan,lowerlevel,G-02,B,French,S,Mum,35,92,29,33,No,Bad,,M,spam,discount,7039,0,1,1,1
F,Jordan,Jordan,lowerlevel,G-02,B,French,F,Mum,14,97,15,14,No,Good,,H,colleague,offer,5373,0,1,1,1
F,Jordan,Jordan,lowerlevel,G-02,B,French,F,Mum,13,82,20,30,No,Good,,H,spam,offer,1203,1,0,1,1
F,Jordan,Jordan,lowerlevel,G-02,B,French,S,Mum,24,97,15,14,No,Good,,H,spam,prize,4135,0,1,1,1
F,Jordan,Jordan,lowerlevel,G-02,B,French,S,Mum,23,82,20,30,No,Good,,H,spam,prize,8711,1,1,1,0
M,Lybia,Lybia,lowerlevel,G-02,B,French,F,Mum,20,3,9,3,No,Good,,L,colleague,discount,7904,0,0,1,1
M,Lybia,Lybia,lowerlevel,G-02,B,French,S,Mum,15,4,12,7,No,Good,,L,colleague,prize,2283,1,1,0,1
M,Egypt,Egypt,lowerlevel,G-02,B,French,F,Mum,5,13,6,6,No,Good,,L,spam,prize,4558,0,1,1,1
M,Egypt,Egypt,lowerlevel,G-02,B,French,S,Mum,7,9,11,10,No,Good,,L,spam,prize,5347,1,1,0,0
F,Jordan,Jordan,lowerlevel,G-02,B,French,F,Mum,10,94,40,11,Yes,Good,,M,spam,prize,7867,0,0,0,0
F,Jordan,Jordan,lowerlevel,G-02,B,French,S,Mum,25,89,21,13,Yes,Good,,M,friend,offer,5944,1,0,1,1
M,Jordan,Jordan,lowerlevel,G-02,B,French,F,Mum,30,98,42,21,Yes,Good,,H,friend,prize,8674,0,1,0,1
M,Jordan,Jordan,lowerlevel,G-02,B,French,S,Mum,35,97,41,23,Yes,Good,,H,friend,offer,2477,0,0,1,1
M,Jordan,Jordan,lowerlevel,G-02,B,French,F,Father,32,88,32,25,Yes,Good,,M,colleague,offer,3093,0,1,1,1
M,Jordan,Jordan,lowerlevel,G-02,B,French,S,Father,25,87,21,27,Yes,Good,,M,spam,meeting,8534,1,1,1,0
F,lebanon,lebanon,lowerlevel,G-02,B,French,F,Mum,72,98,52,15,Yes,Good,,H,colleague,offer,7207,0,1,1,1
F,lebanon,lebanon,lowerlevel,G-02,B,French,S,Mum,75,90,51,17,Yes,Good,,H,colleague,offer,9654,0,0,0,0
M,Jordan,Jordan,lowerlevel,G-02,A,Arabic,F,Father,20,88,31,28,Yes,Good,,M,colleague,prize,9394,0,1,0,1
M,Jordan,Jordan,lowerlevel,G-02,A,Arabic,S,Father,10,98,41,38,Yes,Good,,M,spam,offer,9813,1,1,1,1
M,Palestine,Jordan,lowerlevel,G-02,A,Arabic,F,Father,90,98,41,38,Yes,Good,,H,friend,discount,6227,0,1,0,0
M,Palestine,Jordan,lowerlevel,G-02,A,Arabic,S,Father,80,88,51,39,Yes,Good,,H,spam,prize,3535,1,1,0,1
M,Iraq,Iraq,lowerlevel,G-02,A,Arabic,F,Father,80,95,21,28,Yes,Good,,H,spam,prize,7004,0,1,0,1
M,Iraq,Iraq,lowerlevel,G-02,A,Arabic,S,Father,78,70,31,29,Yes,Good,,H,colleague,prize,2913,1,0,1,1
M,Jordan,Jordan,lowerlevel,G-02,A,Arabic,F,Father,10,18,71,38,Yes,Good,,M,colleague,meeting,9381,1,1,0,1
M,Jordan,Jordan,lowerlevel,G-02,A,Arabic,S,Father,10,58,51,48,Yes,Good,,M,colleague,prize,2340,0,0,0,0
F,Palestine,Jordan,lowerlevel,G-02,A,Arabic,F,Mum,98,88,60,31,No,Good,,H,friend,offer,9795,1,1,0,1
F,Palestine,Jordan,lowerlevel,G-02,A,Arabic,S,Mum,75,81,51,34,No,Good,,H,friend,discount,5289,1,0,1,1
M,Jordan,Jordan,lowerlevel,G-02,A,Arabic,F,Father,10,17,50,21,No,Bad,,M,friend,prize,597,0,1,0,0
M,Jordan,Jordan,lowerlevel,G-02,A,Arabic,S,Father,35,2,29,23,No,Bad,,M,spam,prize,8836,1,1,0,1
F,Jordan,Jordan,lowerlevel,G-02,A,Arabic,F,Father,10,20,22,97,No,Bad,,L,colleague,discount,7145,1,0,1,0
F,Jordan,Jordan,lowerlevel,G-02,A,Arabic,S,Father,5,9,19,98,No,Bad,,L,spam,prize,2902,1,0,0,1
M,Jordan,Jordan,lowerlevel,G-02,B,Arabic,F,Father,10,10,40,51,No,Bad,,L,friend,meeting,6645,1,1,1,1
M,Jordan,Jordan,lowerlevel,G-02,B,Arabic,S,Father,35,2,29,23,No,Bad,,L,colleague,offer,8955,0,0,1,1
M,Jordan,Jordan,lowerlevel,G-02,B,Arabic,F,Mum,20,90,50,61,Yes,Bad,,M,friend,discount,7694,1,0,1,0
M,Jordan,Jordan,lowerlevel,G-02,B,Arabic,S,Mum,32,82,59,63,Yes,Bad,,M,colleague,discount,4830,1,1,1,0
M,Jordan,Jordan,lowerlevel,G-02,B,Arabic,F,Father,10,30,50,91,Yes,Bad,,L,colleague,meeting,7546,0,1,1,1
M,Jordan,Jordan,lowerlevel,G-02,B,Arabic,S,Father,12,22,59,83,Yes,Bad,,L,spam,offer,7368,0,1,1,0
F,Jordan,Jordan,lowerlevel,G-02,B,Arabic,F,Father,11,20,20,98,No,Bad,,L,spam,meeting,9834,1,1,0,1
F,Jordan,Jordan,lowerlevel,G-02,B,Arabic,S,Father,10,12,29,93,No,Bad,,L,friend,offer,2160,0,1,1,0
M,Iraq,Iraq,lowerlevel,G-02,B,Arabic,F,Mum,69,82,20,28,Yes,Good,,H,spam,meeting,5878,0,0,0,1
M,Iraq,Iraq,lowerlevel,G-02,B,Arabic,S,Mum,70,83,29,33,Yes,Good,,H,spam,prize,7663,0,1,0,0
F,Iraq,Iraq,lowerlevel,G-02,B,Arabic,F,Mum,89,92,40,28,Yes,Good,,H,spam,meeting,3749,0,0,1,1
F,Iraq,Iraq,lowerlevel,G-02,B,Arabic,S,Mum,79,93,49,23,Yes,Good,,H,colleague,discount,2922,0,1,0,0
M,Jordan,Jordan,lowerlevel,G-02,B,Arabic,F,Mum,15,90,21,97,Yes,Good,,M,spam,discount,6486,0,1,0,0
M,Jordan,Jordan,lowerlevel,G-02,B,Arabic,S,Mum,20,77,31,88,Yes,Good,,M,friend,discount,8112,0,0,0,0
M,Jordan,SaudiArabia,lowerlevel,G-02,B,Arabic,F,Mum,4,10,11,7,No,Good,,L,colleague,meeting,8771,0,1,1,0
M,Jordan,SaudiArabia,lowerlevel,G-02,B,Arabic,S,Mum,5,0,1,8,No,Good,,L,colleague,discount,3804,0,0,0,1
F,Jordan,Jordan,MiddleSchool,G-07,A,Biology,F,Mum,88,81,50,10,Yes,Good,,M,spam,discount,4878,1,0,0,1
F,Jordan,Jordan,MiddleSchool,G-07,A,Biology,S,Mum,90,88,54,12,Yes,Good,,M,colleague,prize,2368,1,0,1,0
F,Iraq,Iraq,MiddleSchool,G-07,A,Biology,F,Mum,86,98,50,20,Yes,Good,,H,friend,prize,8093,1,1,0,1
F,Iraq,Iraq,MiddleSchool,G-07,A,Biology,S,Mum,90,90,57,22,Yes,Good,,H,friend,offer,3932,1,1,0,0
M,Jordan,Palestine,MiddleSchool,G-07,A,Biology,F,Mum,78,91,50,40,Yes,Good,,H,colleague,offer,5608,1,1,0,1
M,Jordan,Palestine,MiddleSchool,G-07,A,Biology,S,Mum,70,98,54,72,Yes,Good,,H,spam,offer,6635,0,1,1,0
M,Jordan,Jordan,MiddleSchool,G-07,A,Biology,F,Father,80,80,46,61,Yes,Bad,,M,spam,meeting,6395,0,1,0,1
M,Jordan,Jordan,MiddleSchool,G-07,A,Biology,S,Father,85,82,59,63,Yes,Bad,,M,colleague,offer,6101,1,1,0,1
M,Palestine,Palestine,MiddleSchool,G-07,A,Biology,F,Father,88,90,86,81,Yes,Good,,H,friend,meeting,9292,1,0,1,0
M,Palestine,Palestine,MiddleSchool,G-07,A,Biology,S,Father,89,92,89,83,Yes,Good,,H,colleague,meeting,9862,0,1,1,0
M,Jordan,Jordan,MiddleSchool,G-07,A,Biology,F,Father,39,71,40,26,No,Good,,M,spam,offer,5531,1,1,1,0
M,Jordan,Jordan,MiddleSchool,G-07,A,Biology,S,Father,35,80,34,22,No,Good,,M,spam,offer,4970,0,1,0,0
M,Jordan,Jordan,MiddleSchool,G-07,A,Biology,F,Father,76,81,80,86,No,Good,,H,colleague,meeting,6344,1,1,1,0
M,Jordan,Jordan,MiddleSchool,G-07,A,Biology,S,Father,65,89,64,82,No,Good,,H,friend,prize,8408,0,0,1,1
F,Syria,Syria,MiddleSchool,G-07,A,Biology,F,Mum,96,95,70,70,Yes,Good,,H,colleague,discount,375,1,0,1,0
F,Syria,Syria,MiddleSchool,G-07,A,Biology,S,Mum,80,91,87,72,Yes,Good,,H,friend,discount,7887,0,0,0,1
M,Jordan,Jordan,MiddleSchool,G-07,A,Biology,F,Mum,2,9,10,1,No,Bad,,L,friend,discount,1609,1,0,1,0
M,Jordan,Jordan,MiddleSchool,G-07,A,Biology,S,Mum,3,8,19,3,No,Bad,,L,colleague,prize,2939,1,0,1,1
M,Jordan,Jordan,MiddleSchool,G-07,B,Biology,F,Father,50,79,10,31,No,Bad,,M,colleague,meeting,4062,0,1,1,1
M,Jordan,Jordan,MiddleSchool,G-07,B,Biology,S,Father,53,88,9,33,No,Bad,,M,friend,offer,1613,0,0,1,0
F,Jordan,Jordan,MiddleSchool,G-07,B,Biology,F,Mum,70,89,12,21,No,Good,,H,friend,meeting,6578,1,0,1,0
F,Jordan,Jordan,MiddleSchool,G-07,B,Biology,S,Mum,59,90,19,43,No,Good,,H,friend,meeting,7851,1,1,0,1
M,Palestine,Jordan,MiddleSchool,G-07,B,Biology,F,Father,78,80,66,51,Yes,Good,,M,friend,offer,3679,0,1,0,1
M,Palestine,Jordan,MiddleSchool,G-07,B,Biology,S,Father,79,72,79,83,Yes,Good,,M,spam,prize,7540,0,0,1,0
F,Lybia,Lybia,MiddleSchool,G-07,B,Biology,F,Mum,10,9,2,1,No,Good,,L,colleague,discount,9488,0,1,1,1
F,Lybia,Lybia,MiddleSchool,G-07,B,Biology,S,Mum,9,7,9,3,No,Good,,L,friend,discount,7074,1,1,1,1
M,Iraq,Iraq,MiddleSchool,G-07,B,Biology,F,Father,98,90,86,71,Yes,Good,,H,colleague,meeting,3996,1,0,0,1
M,Iraq,Iraq,MiddleSchool,G-07,B,Biology,S,Father,89,92,89,83,Yes,Good,,H,friend,prize,4786,0,1,0,1
M,Palestine,Jordan,MiddleSchool,G-07,B,Biology,F,Father,88,90,76,81,Yes,Good,,H,colleague,discount,5695,1,0,0,1
M,Palestine,Jordan,MiddleSchool,G-07,B,Biology,S,Father,99,96,89,84,Yes,Good,,H,colleague,prize,9347,1,0,0,1
F,Jordan,Jordan,MiddleSchool,G-08,A,Chemistry,F,Mum,82,89,22,31,Yes,Good,,H,friend,offer,6998,0,1,1,0
F,Jordan,Jordan,MiddleSchool,G-08,A,Chemistry,S,Mum,84,92,29,43,Yes,Good,,H,friend,meeting,2366,1,0,1,0
F,Jordan,Jordan,MiddleSchool,G-08,A,Geology,F,Mum,70,69,46,45,Yes,Good,,M,colleague,meeting,6764,0,0,1,0
F,Jordan,Jordan,MiddleSchool,G-08,A,Geology,S,Mum,74,62,49,43,Yes,Good,,M,colleague,prize,8976,0,1,1,0
F,Jordan,Jordan,MiddleSchool,G-08,A,Geology,F,Mum,90,79,76,79,Yes,Good,,H,colleague,discount,9273,1,1,0,1
F,Jordan,Jordan,MiddleSchool,G-08,A,Geology,S,Mum,84,77,79,68,Yes,Good,,H,spam,prize,1614,1,1,1,0
M,Jordan,Jordan,MiddleSchool,G-08,A,Chemistry,F,Mum,80,80,62,11,Yes,Good,,M,friend,offer,4555,0,1,0,1
M,Jordan,Jordan,MiddleSchool,G-08,A,Chemistry,S,Mum,81,82,69,13,Yes,Good,,M,spam,discount,2416,0,0,0,1
M,Jordan,SaudiArabia,MiddleSchool,G-08,A,Chemistry,F,Father,10,0,2,41,No,Bad,,L,spam,discount,7288,0,1,1,0
M,Jordan,SaudiArabia,MiddleSchool,G-08,A,Chemistry,S,Father,11,2,9,49,No,Bad,,L,friend,prize,6862,1,1,0,0
M,Jordan,SaudiArabia,MiddleSchool,G-08,A,Geology,F,Father,85,89,22,61,No,Bad,,H,friend,offer,3653,0,0,0,1
M,Jordan,SaudiArabia,MiddleSchool,G-08,A,Geology,S,Father,80,89,23,68,No,Bad,,H,spam,discount,6639,0,0,1,0
M,Jordan,SaudiArabia,MiddleSchool,G-08,A,Geology,F,Father,95,87,62,81,No,Bad,,M,friend,meeting,496,0,0,0,0
M,Jordan,SaudiArabia,MiddleSchool,G-08,A,Geology,S,Father,87,79,73,98,No,Bad,,M,colleague,offer,504,0,0,0,1
M,Jordan,Jordan,MiddleSchool,G-08,A,Chemistry,F,Mum,85,87,72,10,Yes,Good,,M,colleague,discount,7699,1,1,1,1
M,Jordan,Jordan,MiddleSchool,G-08,A,Chemistry,S,Mum,79,88,79,20,Yes,Good,,M,spam,prize,5733,1,1,0,1
M,Jordan,Jordan,MiddleSchool,G-08,A,Geology,F,Mum,80,81,71,30,Yes,Good,,M,spam,discount,8055,0,0,0,1
M,Jordan,Jordan,MiddleSchool,G-08,A,Geology,S,Mum,70,83,70,23,Yes,Good,,M,friend,meeting,3216,1,0,1,1
M,Jordan,Jordan,MiddleSchool,G-08,A,Chemistry,F,Mum,80,82,76,19,Yes,Good,,M,friend,offer,5688,1,0,0,1
M,Jordan,Jordan,MiddleSchool,G-08,A,Chemistry,S,Mum,70,82,75,29,Yes,Good,,M,spam,discount,9600,1,0,1,0
M,Jordan,Jordan,MiddleSchool,G-08,A,Geology,F,Mum,89,87,86,15,Yes,Good,,M,spam,meeting,4364,0,1,0,0
M,Jordan,Jordan,MiddleSchool,G-08,A,Geology,S,Mum,90,86,85,10,Yes,Good,,M,colleague,discount,6042,1,0,0,0
M,Jordan,Jordan,MiddleSchool,G-08,A,History,F,Mum,69,77,76,75,Yes,Good,,M,colleague,discount,1477,1,1,1,1
M,Jordan,Jordan,MiddleSchool,G-08,A,History,S,Mum,70,76,65,70,Yes,Good,,M,friend,offer,4960,0,0,1,1
M,Jordan,Jordan,MiddleSchool,G-08,A,Chemistry,F,Mum,75,72,64,39,Yes,Good,,L,colleague,prize,2397,0,1,0,0
M,Jordan,Jordan,MiddleSchool,G-08,A,Chemistry,S,Mum,72,76,66,40,Yes,Good,,L,friend,prize,8301,1,1,1,0
M,Jordan,Jordan,MiddleSchool,G-08,A,Geology,F,Mum,77,82,74,79,Yes,Good,,M,friend,meeting,8841,1,1,0,0
M,Jordan,Jordan,MiddleSchool,G-08,A,Geology,S,Mum,71,84,67,80,Yes,Good,,M,friend,meeting,6194,0,1,1,1
M,Jordan,Jordan,MiddleSchool,G-08,A,History,F,Mum,87,92,74,89,Yes,Good,,H,colleague,meeting,7570,0,0,0,0
M,Jordan,Jordan,MiddleSchool,G-08,A,History,S,Mum,81,84,77,85,Yes,Good,,H,spam,offer,7730,0,1,0,0
F,Jordan,Jordan,MiddleSchool,G-08,A,Chemistry,F,Father,15,97,22,10,Yes,Good,,H,spam,prize,1499,0,0,0,0
F,Jordan,Jordan,MiddleSchool,G-08,A,Chemistry,S,Father,19,98,20,2,Yes,Good,,H,colleague,meeting,7235,1,1,0,1
F,Jordan,Jordan,MiddleSchool,G-08,A,Geology,F,Father,25,82,52,20,Yes,Good,,M,spam,meeting,595,0,1,0,0
F,Jordan,Jordan,MiddleSchool,G-08,A,Geology,S,Father,29,78,40,12,Yes,Good,,M,friend,discount,978,1,0,1,0
F,Jordan,Jordan,MiddleSchool,G-08,A,History,F,Father,45,87,57,80,Yes,Good,,M,spam,discount,730,1,0,1,1
F,Jordan,Jordan,MiddleSchool,G-08,A,History,S,Father,39,88,43,72,Yes,Good,,M,colleague,meeting,56,1,1,0,1
F,Jordan,Jordan,MiddleSchool,G-08,A,Chemistry,F,Father,85,90,52,30,Yes,Good,,H,spam,discount,2243,0,1,0,1
F,Jordan,Jordan,MiddleSchool,G-08,A,Chemistry,S,Father,79,91,49,22,Yes,Good,,H,friend,discount,5879,0,0,1,1
M,Iraq,Iraq,MiddleSchool,G-08,A,Chemistry,F,Father,90,91,80,81,Yes,Good,,H,friend,discount,1701,1,1,1,1
M,Iraq,Iraq,MiddleSchool,G-08,A,Chemistry,S,Father,80,90,80,83,Yes,Good,,H,colleague,offer,7229,1,0,1,0
M,Iraq,Iraq,MiddleSchool,G-08,A,Geology,F,Father,80,83,82,71,Yes,Good,,M,colleague,meeting,1286,1,0,1,0
M,Iraq,Iraq,MiddleSchool,G-08,A,Geology,S,Father,71,81,83,72,Yes,Good,,M,colleague,meeting,8303,1,0,1,1
M,Iraq,Iraq,MiddleSchool,G-08,A,History,F,Father,72,87,72,89,Yes,Good,,M,friend,discount,9393,1,1,0,1
M,Iraq,Iraq,MiddleSchool,G-08,A,History,S,Father,69,77,83,92,Yes,Good,,M,spam,offer,947,0,1,0,1
F,Jordan,Jordan,MiddleSchool,G-08,A,Chemistry,F,Mum,85,99,42,90,Yes,Good,,H,spam,discount,4121,0,0,1,1
F,Jordan,Jordan,MiddleSchool,G-08,A,Chemistry,S,Mum,89,96,45,92,Yes,Good,,H,colleague,offer,6553,0,0,1,0
F,Jordan,Jordan,MiddleSchool,G-08,A,Geology,F,Mum,80,82,64,58,Yes,Good,,H,spam,meeting,757,1,0,1,0
F,Jordan,Jordan,MiddleSchool,G-08,A,Geology,S,Mum,87,93,63,60,Yes,Good,,H,spam,discount,5651,1,0,1,1
F,Jordan,Jordan,MiddleSchool,G-08,A,Chemistry,F,Father,15,9,14,80,No,Bad,,L,colleague,meeting,7273,0,1,1,1
F,Jordan,Jordan,MiddleSchool,G-08,A,Chemistry,S,Father,9,6,15,85,No,Bad,,L,colleague,offer,3535,0,0,1,1
M,Palestine,Jordan,MiddleSchool,G-08,A,History,F,Father,81,86,86,41,Yes,Good,,M,friend,prize,2293,1,1,1,1
M,Palestine,Jordan,MiddleSchool,G-08,A,History,S,Father,78,82,78,53,Yes,Good,,M,friend,offer,1104,0,0,1,0
M,Palestine,Palestine,MiddleSchool,G-08,A,Geology,F,Father,80,87,74,68,Yes,Good,,M,friend,prize,8853,0,1,1,1
M,Palestine,Palestine,MiddleSchool,G-08,A,Geology,S,Father,85,88,79,70,Yes,Good,,M,friend,meeting,908,0,1,0,1
F,Jordan,Jordan,MiddleSchool,G-08,A,Chemistry,F,Father,2,7,4,8,No,Bad,,L,spam,meeting,6539,1,1,1,0
F,Jordan,Jordan,MiddleSchool,G-08,A,Chemistry,S,Father,5,4,5,8,No,Bad,,L,spam,discount,4617,1,1,1,1
F,Jordan,Jordan,MiddleSchool,G-08,A,Geology,F,Father,50,77,14,28,No,Bad,,M,friend,prize,7069,0,1,0,0
F,Jordan,Jordan,MiddleSchool,G-08,A,Geology,S,Father,55,74,25,29,No,Bad,,M,friend,offer,2311,1,0,0,1
F,Jordan,Jordan,MiddleSchool,G-08,A,History,F,Father,30,17,14,57,No,Bad,,L,colleague,meeting,789,0,0,0,1
F,Jordan,Jordan,MiddleSchool,G-08,A,History,S,Father,35,14,23,62,No,Bad,,L,spam,prize,171,0,1,1,0
